{"cameraMode":{"drawMode":0,"name":"Shaded","section":"Shading Mode"},"sceneLighting":true,"audioPlay":false,"sceneViewState":{"m_AlwaysRefresh":false,"showFog":true,"showSkybox":true,"showFlares":true,"showImageEffects":true,"showParticleSystems":true,"showVisualEffectGraphs":true,"m_FxEnabled":true},"in2DMode":false,"pivot":{"x":11.032230377197266,"y":-3.065783739089966,"z":-11.230551719665528},"rotation":{"x":-0.06877735257148743,"y":-0.8760963678359985,"z":0.13134317100048066,"w":-0.45877450704574587},"size":10.428838729858399,"orthographic":false}