{"cameraMode":{"drawMode":0,"name":"Shaded","section":"Shading Mode"},"sceneLighting":true,"audioPlay":false,"sceneViewState":{"m_AlwaysRefresh":false,"showFog":true,"showSkybox":true,"showFlares":true,"showImageEffects":true,"showParticleSystems":true,"showVisualEffectGraphs":true,"m_FxEnabled":true},"in2DMode":false,"pivot":{"x":5.573354244232178,"y":0.10589456558227539,"z":9.651305198669434},"rotation":{"x":-0.048402439802885059,"y":-0.3301221430301666,"z":0.016954580321907998,"w":-0.942517876625061},"size":10.428838729858399,"orthographic":false}